X,Y,OBJECTID,LOCAL_GOVERNMENT,CSCPORTAL,NAME,SWIS,COUNTY,MUNI_TYPE,STATUS_AS,DATE_ADOPT
-74.768136878,41.71616378,1,Sullivan County,https://climatesmart.ny.gov/,Sullivan,480000,Sullivan,County,Bronze Certified,2/11/2010
-76.473769568,42.4518521640001,2,Tompkins County,https://climatesmart.ny.gov/,Tompkins,500000,Tompkins,County,Silver Certified,4/21/2009
-74.258327127,41.8878549770001,3,Ulster County,https://climatesmart.ny.gov/,Ulster,510000,Ulster,County,Silver Certified,8/16/2011
-73.845943618,43.560947259,4,Warren County,https://climatesmart.ny.gov/,Warren,520000,Warren,County,Bronze Certified,6/19/2019
-73.7553420579999,41.164295871,5,Westchester County,https://climatesmart.ny.gov/,Westchester,550000,Westchester,County,Bronze Certified,12/14/2015
-73.973690378,42.6001367330001,6,Albany County,https://climatesmart.ny.gov/,Albany,010000,Albany,County,Bronze Certified,7/13/2009
-75.742708227,42.1237902680001,7,Broome County,https://climatesmart.ny.gov/,Broome,030000,Broome,County,Bronze Certified,6/20/2019
-76.5538715439999,42.916230591,8,Cayuga County,https://climatesmart.ny.gov/,Cayuga,050000,Cayuga,County,Registered,3/27/2018
-76.760037841,42.141342659,9,Chemung County,https://climatesmart.ny.gov/,Chemung,070000,Chemung,County,Bronze Certified,6/14/2021
-75.6115766039999,42.493330761,10,Chenango County,https://climatesmart.ny.gov/,Chenango,080000,Chenango,County,Registered,3/8/2021
-76.07024999,42.5948889360001,11,Cortland County,https://climatesmart.ny.gov/,Cortland,110000,Cortland,County,Registered,2/4/2010
-74.9668433109999,42.198017968,12,Delaware County,https://climatesmart.ny.gov/,Delaware,120000,Delaware,County,Registered,10/17/2012
-73.7428993029999,41.7645637910001,13,Dutchess County,https://climatesmart.ny.gov/,Dutchess,130000,Dutchess,County,Bronze Certified,9/14/2009
-78.724394608,42.7545125440001,14,Erie County,https://climatesmart.ny.gov/,Erie,140000,Erie,County,Silver Certified,6/12/2014
-73.791523669,44.1069579690001,15,Essex County,https://climatesmart.ny.gov/,Essex,150000,Essex,County,Registered,7/6/2010
-74.497086294,43.6603479230001,16,Hamilton County,https://climatesmart.ny.gov/,Hamilton,200000,Hamilton,County,Registered,2/4/2010
-75.449071563,43.784468599,17,Lewis County,https://climatesmart.ny.gov/,Lewis,230000,Lewis,County,Bronze Certified,6/8/2009
-75.6693122029999,42.9127016690001,18,Madison County,https://climatesmart.ny.gov/,Madison,250000,Madison,County,Bronze Certified,2/10/2011
-77.6966334529999,43.1458944550001,19,Monroe County,https://climatesmart.ny.gov/,Monroe,260000,Monroe,County,Registered,10/13/2020
-74.4234757039999,42.880064143,20,Montgomery County,https://climatesmart.ny.gov/,Montgomery,270000,Montgomery,County,Registered,6/28/2016
-73.5906624739999,40.753349633,21,Nassau County,https://climatesmart.ny.gov/,Nassau,280000,Nassau,County,Registered,11/22/2019
-75.435793465,43.241551697,22,Oneida County,https://climatesmart.ny.gov/,Oneida,300000,Oneida,County,Registered,2/4/2014
-76.1945004249999,43.00568715,23,Onondaga County,https://climatesmart.ny.gov/,Onondaga,310000,Onondaga,County,Registered,4/23/2009
-74.3056359,41.4020386930001,24,Orange County,https://climatesmart.ny.gov/,Orange,330000,Orange,County,Bronze Certified,12/1/2011
-76.141402509,43.425894542,25,Oswego County,https://climatesmart.ny.gov/,Oswego,350000,Oswego,County,Registered,8/13/2009
-75.0329400689999,42.633653343,26,Otsego County,https://climatesmart.ny.gov/,Otsego,360000,Otsego,County,Registered,5/14/2014
-73.749548969,41.426539609,27,Putnam County,https://climatesmart.ny.gov/,Putnam,370000,Putnam,County,Registered,6/4/2019
-74.0239927279999,41.152331872,28,Rockland County,https://climatesmart.ny.gov/,Rockland,390000,Rockland,County,Registered,8/3/2010
-74.058677608,42.8181206990001,29,Schenectady County,https://climatesmart.ny.gov/,Schenectady,420000,Schenectady,County,Bronze Certified,4/14/2009
-72.9931053029999,40.8577819930001,30,Suffolk County,https://climatesmart.ny.gov/,Suffolk,470000,Suffolk,County,Silver Certified,11/20/2012
-73.6320493059999,42.2497886630001,31,Columbia County,https://climatesmart.ny.gov/,Columbia,100000,Columbia,County,Bronze Certified,2/14/2018
-77.6966334529999,43.1458944550001,32,Monroe County,https://climatesmart.ny.gov/,Monroe,260000,Monroe,County,Bronze Certified,10/13/2020
-73.5822903,42.0352844080001,33,Town of Ancram,https://climatesmart.ny.gov/,Ancram,102000,Columbia,Town,Bronze Certified,2/18/2016
-76.568370279,42.933864617,34,City of Auburn,https://climatesmart.ny.gov/,Auburn,050100,Cayuga,City,Registered,2/11/2010
-73.5075683699999,42.3124599220001,35,Town of Austerlitz,https://climatesmart.ny.gov/,Austerlitz,102200,Columbia,Town,Bronze Certified,8/17/2017
-73.367581956,40.736662004,36,Town of Babylon,https://climatesmart.ny.gov/,Babylon,472000,Suffolk,Town,Bronze Certified,4/1/2009
-73.7987072829999,42.66644575,37,City of Albany,https://climatesmart.ny.gov/,Albany,010100,Albany,City,Bronze Certified,6/10/2009
-73.55359462,41.82424167,38,Town of Amenia,https://climatesmart.ny.gov/,Amenia,132000,Dutchess,Town,Registered,9/7/2017
-78.757322679,43.012773834,39,Town of Amherst,https://climatesmart.ny.gov/,Amherst,142200,Erie,Town,Registered,5/7/2012
-74.1908897549999,42.942176654,40,City of Amsterdam,https://climatesmart.ny.gov/,Amsterdam,270100,Montgomery,City,Registered,6/18/2019
-73.96540559,41.5036377530001,41,City of Beacon,https://climatesmart.ny.gov/,Beacon,130200,Dutchess,City,Silver Certified,4/4/2009
-73.667446476,41.2249761840001,42,Town of Bedford,https://climatesmart.ny.gov/,Bedford,552000,Westchester,Town,Silver Certified,10/20/2009
-73.8214302649999,42.584990997,43,Town of Bethlehem,https://climatesmart.ny.gov/,Bethlehem,012200,Albany,Town,Registered,4/21/2009
-76.913753523,42.1389024200001,44,Town of Big Flats,https://climatesmart.ny.gov/,Big Flats,072400,Chemung,Town,Registered,6/14/2017
-75.9092560079999,42.101385227,45,City of Binghamton,https://climatesmart.ny.gov/,Binghamton,030200,Broome,City,Bronze Certified,10/27/2011
-73.7947941479999,44.512014316,46,Town of Black Brook,https://climatesmart.ny.gov/,Black Brook,092600,Clinton,Town,Registered,8/12/2019
-74.8505274459999,41.687871848,47,Town of Bethel,https://climatesmart.ny.gov/,Bethel,482000,Sullivan,Town,Bronze Certified,11/13/2013
-77.58356513,43.117503006,48,Town of Brighton,https://climatesmart.ny.gov/,Brighton,262000,Monroe,Town,Bronze Certified,4/9/2014
-72.934671748,40.8589513090001,49,Town of Brookhaven,https://climatesmart.ny.gov/,Brookhaven,472200,Suffolk,Town,Registered,4/16/2009
-74.020480576,42.296491641,50,Town of Cairo,https://climatesmart.ny.gov/,Cairo,192400,Greene,Town,Registered,5/20/2009
-77.162165875,42.228146699,51,Town of Campbell,https://climatesmart.ny.gov/,Campbell,463000,Steuben,Town,Registered,2/11/2013
-78.8473300969999,42.901819204,52,City of Buffalo,https://climatesmart.ny.gov/,Buffalo,140200,Erie,City,Bronze Certified,4/25/2019
-73.6535465819999,43.5813175230001,53,Town of Bolton,https://climatesmart.ny.gov/,Bolton,522000,Warren,Town,Registered,2/2/2022
-79.031671509,42.582142839,54,Town of Brant,https://climatesmart.ny.gov/,Brant,142800,Erie,Town,Registered,2/14/2012
-75.860423822,42.873834081,55,Town of Cazenovia,https://climatesmart.ny.gov/,Cazenovia,252200,Madison,Town,Bronze Certified,4/2/2014
-77.3155331999999,42.8627360830001,56,Town of Canandaigua,https://climatesmart.ny.gov/,Canandaigua,322400,Ontario,Town,Registered,7/6/2017
-77.2804745729999,42.888578825,57,City of Canandaigua,https://climatesmart.ny.gov/,Canandaigua,320200,Ontario,City,Bronze Certified,2/13/2017
-76.329814128,42.3586933930001,58,Town of Caroline,https://climatesmart.ny.gov/,Caroline,502000,Tompkins,Town,Bronze Certified,2/14/2012
-73.864518216,43.6895938960001,59,Town of Chester,https://climatesmart.ny.gov/,Chester,522400,Warren,Town,Registered,5/14/2019
-73.816999086,41.8625420490001,60,Town of Clinton,https://climatesmart.ny.gov/,Clinton,132400,Dutchess,Town,Registered,3/2/2020
-78.056335217,43.174513914,61,Town of Clarendon,https://climatesmart.ny.gov/,Clarendon,342600,Orleans,Town,Registered,6/17/2014
-73.9668155639999,41.132652143,62,Town of Clarkstown,https://climatesmart.ny.gov/,Clarkstown,392000,Rockland,Town,Registered,5/17/2011
-73.687019198,42.2235737610001,63,Town of Claverack,https://climatesmart.ny.gov/,Claverack,102800,Columbia,Town,Registered,8/13/2020
-73.885634298,42.088204992,64,Town of Clermont,https://climatesmart.ny.gov/,Clermont,103000,Columbia,Town,Registered,6/7/2021
-73.824284658,42.858977548,65,Town of Clifton Park,https://climatesmart.ny.gov/,Clifton Park,412400,Saratoga,Town,Registered,10/5/2009
-73.910799842,41.2522575460001,66,Town of Cortlandt,https://climatesmart.ny.gov/,Cortlandt,552200,Westchester,Town,Bronze Certified,5/12/2009
-73.5514931499999,42.1286710840001,67,Town of Copake,https://climatesmart.ny.gov/,Copake,103200,Columbia,Town,Registered,6/9/2009
-76.178598211,42.600473058,68,City of Cortland,https://climatesmart.ny.gov/,Cortland,110200,Cortland,City,Registered,2/28/2019
-74.99374461,41.6794833970001,69,Town of Cochecton,https://climatesmart.ny.gov/,Cochecton,482400,Sullivan,Town,Registered,11/13/2013
-73.7078334729999,42.7732174440001,70,City of Cohoes,https://climatesmart.ny.gov/,Cohoes,010300,Albany,City,Registered,4/28/2009
-76.07041207,43.019636007,71,Town of De Witt,https://climatesmart.ny.gov/,De Witt,312600,Onondaga,Town,Registered,4/28/2009
-75.3682938109999,44.1074778990001,72,Town of Diana,https://climatesmart.ny.gov/,Diana,232400,Lewis,Town,Registered,2/9/2010
-73.573938454,41.683933734,73,Town of Dover,https://climatesmart.ny.gov/,Dover,132600,Dutchess,Town,Bronze Certified,7/27/2016
-76.353457211,42.4591372570001,74,Town of Dryden,https://climatesmart.ny.gov/,Dryden,502400,Tompkins,Town,Bronze Certified,8/18/2016
-75.003475392,41.759852595,75,Town of Delaware,https://climatesmart.ny.gov/,Delaware,482600,Sullivan,Town,Registered,1/3/2018
-76.4728655549999,42.3329843320001,76,Town of Danby,https://climatesmart.ny.gov/,Danby,502200,Tompkins,Town,Registered,9/12/2016
-73.827414728,44.7416064920001,77,Town of Dannemora,https://climatesmart.ny.gov/,Dannemora,093400,Clinton,Town,Registered,5/22/2019
-76.403599399,43.0513089990001,78,Town of Elbridge,https://climatesmart.ny.gov/,Elbridge,312800,Onondaga,Town,Registered,6/10/2016
-73.696881855,42.612250111,79,Town of East Greenbush,https://climatesmart.ny.gov/,East Greenbush,382400,Rensselaer,Town,Registered,3/10/2010
-72.072213287,40.997277378,80,Town of East Hampton,https://climatesmart.ny.gov/,East Hampton,472400,Suffolk,Town,Bronze Certified,3/4/2010
-75.5941938239999,42.8821447290001,81,Town of Eaton,https://climatesmart.ny.gov/,Eaton,252600,Madison,Town,Registered,7/14/2014
-78.9803391419999,42.658819927,82,Town of Evans,https://climatesmart.ny.gov/,Evans,144400,Erie,Town,Registered,11/9/2011
-76.038071313,42.819773716,83,Town of Fabius,https://climatesmart.ny.gov/,Fabius,313000,Onondaga,Town,Registered,6/20/2016
-74.604145365,41.739250682,84,Town of Fallsburg,https://climatesmart.ny.gov/,Fallsburg,482800,Sullivan,Town,Registered,4/25/2018
-75.154670091,43.4954769880001,85,Town of Forestport,https://climatesmart.ny.gov/,Forestport,303800,Oneida,Town,Registered,2/19/2020
-73.993570427,41.8429796770001,86,Town of Esopus,https://climatesmart.ny.gov/,Esopus,512200,Ulster,Town,Registered,12/27/2017
-74.187254111,41.69528566,87,Town of Gardiner,https://climatesmart.ny.gov/,Gardiner,512400,Ulster,Town,Bronze Certified,1/9/2018
-73.873595021,42.1338819380001,88,Town of Germantown,https://climatesmart.ny.gov/,Germantown,103600,Columbia,Town,Bronze Certified,12/8/2020
-76.231915735,43.0915851290001,89,Town of Geddes,https://climatesmart.ny.gov/,Geddes,313200,Onondaga,Town,Registered,7/7/2020
-76.999662052,42.8309073200001,90,Town of Geneva,https://climatesmart.ny.gov/,Geneva,323000,Ontario,Town,Bronze Certified,7/8/2014
-78.963656739,43.018318186,91,Town of Grand Island,https://climatesmart.ny.gov/,Grand Island,144600,Erie,Town,Bronze Certified,3/15/2021
-73.817372033,41.034351832,92,Town of Greenburgh,https://climatesmart.ny.gov/,Greenburgh,552600,Westchester,Town,Registered,12/22/2009
-75.49065501,42.788668086,93,Town of Hamilton,https://climatesmart.ny.gov/,Hamilton,253200,Madison,Town,Bronze Certified,8/15/2017
-73.963148018,42.707983137,94,Town of Guilderland,https://climatesmart.ny.gov/,Guilderland,013000,Albany,Town,Registered,8/13/2019
-73.645499684,43.310751264,95,City of Glens Falls,https://climatesmart.ny.gov/,Glens Falls,520500,Warren,City,Bronze Certified,1/22/2013
-73.992434448,42.886908126,96,Town of Glenville,https://climatesmart.ny.gov/,Glenville,422200,Schenectady,Town,Registered,9/19/2018
-75.015369628,42.6462722790001,97,Town of Hartwick,https://climatesmart.ny.gov/,Hartwick,363200,Otsego,Town,Registered,5/19/2014
-73.324001862,43.2815476420001,98,Town of Hebron,https://climatesmart.ny.gov/,Hebron,534000,Washington,Town,Registered,11/8/2021
-76.792985539,42.466144355,99,Town of Hector,https://climatesmart.ny.gov/,Hector,442600,Schuyler,Town,Bronze Certified,3/1//20
-73.583497182,40.6900555610001,100,Town of Hempstead,https://climatesmart.ny.gov/,Hempstead,282000,Nassau,Town,Bronze Certified,7/6/2021
-77.641273156,43.0555964490001,101,Town of Henrietta,https://climatesmart.ny.gov/,Henrietta,263200,Monroe,Town,Registered,11/10/2021
-73.785846041,42.2515650620001,102,City of Hudson,https://climatesmart.ny.gov/,Hudson,100600,Columbia,City,Bronze Certified,4/16/2019
-74.094716117,42.162843267,103,Town of Hunter,https://climatesmart.ny.gov/,Hunter,193600,Greene,Town,Registered,4/21/2009
-77.573697833,43.2099582640001,104,Town of Irondequoit,https://climatesmart.ny.gov/,Irondequoit,263400,Monroe,Town,Bronze Certified,4/16/2009
-73.1795764509999,40.7621530590001,105,Town of Islip,https://climatesmart.ny.gov/,Islip,472800,Suffolk,Town,Registered,4/14/2009
-76.503203613,42.4440680550001,106,City of Ithaca,https://climatesmart.ny.gov/,Ithaca,500700,Tompkins,City,Bronze Certified,4/16/2009
-76.5407164759999,42.437359502,107,Town of Ithaca,https://climatesmart.ny.gov/,Ithaca,503000,Tompkins,Town,Bronze Certified,4/21/2009
-73.3722480059999,40.8379956900001,108,Town of Huntington,https://climatesmart.ny.gov/,Huntington,472600,Suffolk,Town,Bronze Certified,7/24/2012
-74.737492437,43.728681909,109,Town of Inlet,https://climatesmart.ny.gov/,Inlet,202800,Hamilton,Town,Registered,7/19/2019
-74.8880260609999,41.5384237320001,110,Town of Highland,https://climatesmart.ny.gov/,Highland,483400,Sullivan,Town,Registered,4/2/2014
-74.008346181,41.360448719,111,Town of Highlands,https://climatesmart.ny.gov/,Highlands,333600,Orange,Town,Registered,7/22/2019
-73.731097776,41.473532366,112,Town of Kent,https://climatesmart.ny.gov/,Kent,372200,Putnam,Town,Registered,10/22/2019
-73.676662305,42.3804746760001,113,Town of Kinderhook,https://climatesmart.ny.gov/,Kinderhook,104400,Columbia,Town,Registered,5/11/2016
-73.9963751889999,41.929747191,114,City of Kingston,https://climatesmart.ny.gov/,Kingston,510800,Ulster,City,Silver Certified,10/6/2009
-73.71847173,43.3977290720001,115,Town of Lake George,https://climatesmart.ny.gov/,Lake George,522200,Warren,Town,Bronze Certified,3/16/2009
-76.5347796729999,42.572028575,116,Town of Lansing,https://climatesmart.ny.gov/,Lansing,503200,Tompkins,Town,Registered,12/18/2019
-75.420494659,43.0311831330001,117,Town of Kirkland,https://climatesmart.ny.gov/,Kirkland,304000,Oneida,Town,Registered,5/27/2020
-74.1105278219999,42.6822167080001,118,Town of Knox,https://climatesmart.ny.gov/,Knox,013200,Albany,Town,Registered,10/13/2015
-73.802748768,41.678697974,119,Town of La Grange,https://climatesmart.ny.gov/,La Grange,133400,Dutchess,Town,Registered,6/11/2014
-73.700209671,44.368751344,120,Town of Jay,https://climatesmart.ny.gov/,Jay,152800,Essex,Town,Registered,7/8/2021
-74.2708832289999,42.2446521620001,121,Town of Jewett,https://climatesmart.ny.gov/,Jewett,193800,Greene,Town,Registered,4/8/2009
-73.595147052,41.283836385,122,Town of Lewisboro,https://climatesmart.ny.gov/,Lewisboro,553000,Westchester,Town,Registered,8/9/2010
-78.964460639,43.176453022,123,Town of Lewiston,https://climatesmart.ny.gov/,Lewiston,292400,Niagara,Town,Registered,2/9/2010
-73.571614467,44.301368859,124,Town of Lewis,https://climatesmart.ny.gov/,Lewis,153200,Essex,Town,Registered,12/1/2020
-75.015508467,42.4693767260001,125,Town of Oneonta,https://climatesmart.ny.gov/,Oneonta,364600,Otsego,Town,Registered,11/13/2019
-75.0667657829999,42.4551322240001,126,City of Oneonta,https://climatesmart.ny.gov/,Oneonta,361200,Otsego,City,Registered,8/19/2014
-73.949718161,41.05138938,127,Town of Orangetown,https://climatesmart.ny.gov/,Orangetown,392400,Rockland,Town,Registered,4/12/2011
-77.509300406,43.059291112,128,Town of Pittsford,https://climatesmart.ny.gov/,Pittsford,264600,Monroe,Town,Bronze Certified,12/10/2021
-73.4606053109999,44.6932989160001,129,City of Plattsburgh,https://climatesmart.ny.gov/,Plattsburgh,091300,Clinton,City,Bronze Certified,4/25/2019
-73.6881556819999,40.969603315,130,City of Rye,https://climatesmart.ny.gov/,Rye,551400,Westchester,City,Registered,7/8/2015
-73.777278727,43.067511934,131,City of Saratoga Springs,https://climatesmart.ny.gov/,Saratoga Springs,411500,Saratoga,City,Bronze Certified,12/20/2011
-73.998310745,42.0895397150001,132,Town of Saugerties,https://climatesmart.ny.gov/,Saugerties,514800,Ulster,Town,Bronze Certified,4/8/2009
-73.9274115819999,42.8024654920001,133,City of Schenectady,https://climatesmart.ny.gov/,Schenectady,421500,Schenectady,City,Bronze Certified,7/20/2009
-73.804900574,41.769705118,134,Town of Pleasant Valley,https://climatesmart.ny.gov/,Pleasant Valley,134400,Dutchess,Town,Bronze Certified,7/22/2016
-74.6904668289999,41.3784359910001,135,City of Port Jervis,https://climatesmart.ny.gov/,Port Jervis,331300,Orange,City,Registered,8/23/2021
-78.967803901,43.2521229540001,136,Town of Porter,https://climatesmart.ny.gov/,Porter,293400,Niagara,Town,Registered,2/11/2010
-73.675089003,42.735389517,137,City of Troy,https://climatesmart.ny.gov/,Troy,381700,Rensselaer,City,Registered,11/9/2012
-73.64610866,42.247785617,138,Village of Philmont,https://climatesmart.ny.gov/,Philmont,102801,Columbia,Village,Registered,2/14/2018
-74.485815246,42.6787276900001,139,Village of Cobleskill,https://climatesmart.ny.gov/,Cobleskill,432601,Schoharie,Village,Registered,7/28/2017
-73.72712553,42.6910020060001,140,Village of Menands,https://climatesmart.ny.gov/,Menands,012603,Albany,Village,Registered,11/1/2021
-78.669466098,42.508509734,141,Village of Springville,https://climatesmart.ny.gov/,Springville,143801,Erie,Village,Registered,3/20/2017
-73.706837013,42.722052596,142,City of Watervliet,https://climatesmart.ny.gov/,Watervliet,011800,Albany,City,Bronze Certified,2/16/2010
-74.4209203249999,41.7562825430001,143,Town of Wawarsing,https://climatesmart.ny.gov/,Wawarsing,515600,Ulster,Town,Bronze Certified,12/19/2019
-73.7661406289999,43.8499088140001,144,Town of Schroon,https://climatesmart.ny.gov/,Schroon,154600,Essex,Town,Registered,3/16/2011
-73.810247298,42.2694355250001,145,Village of Athens,https://climatesmart.ny.gov/,Athens,192201,Greene,Village,Bronze Certified,3/11/2020
-78.617323286,42.766626521,146,Village of East Aurora,https://climatesmart.ny.gov/,East Aurora,142401,Erie,Village,Registered,7/5/2012
-73.415635631,40.6722708510001,147,Village of Amityville,https://climatesmart.ny.gov/,Amityville,472001,Suffolk,Village,Registered,4/11/2016
-74.0130823809999,41.43640084,148,Village of Cornwall-on-Hudson,https://climatesmart.ny.gov/,Cornwall-on-Hudson,332401,Orange,Village,Registered,1/27/2020
-73.8995606189999,41.2000497860001,149,Village of Croton-on-Hudson,https://climatesmart.ny.gov/,Croton-on-Hudson,552203,Westchester,Village,Silver Certified,4/6/2009
-76.184935744,42.6372598350001,150,Village of Homer,https://climatesmart.ny.gov/,Homer,112201,Cortland,Village,Bronze Certified,5/9/2018
-78.2753702429999,42.2184994140001,151,Village of Cuba,https://climatesmart.ny.gov/,Cuba,024801,Allegany,Village,Registered,10/8/2018
-74.914799221,42.278812046,152,Village of Delhi,https://climatesmart.ny.gov/,Delhi,122801,Delaware,Village,Registered,9/19/2016
-74.9939341319999,43.8351413730001,153,Town of Webb,https://climatesmart.ny.gov/,Webb,215400,Herkimer,Town,Registered,9/10/2019
-76.790347168,42.9136528760001,154,Town of Seneca Falls,https://climatesmart.ny.gov/,Seneca Falls,453200,Seneca,Town,Registered,11/1/2016
-74.393022252,42.0684457930001,155,Town of Shandaken,https://climatesmart.ny.gov/,Shandaken,515000,Ulster,Town,Bronze Certified,10/3/2016
-74.327534661,41.6433370010001,156,Town of Shawangunk,https://climatesmart.ny.gov/,Shawangunk,515200,Ulster,Town,Registered,12/20/2018
-72.32780192,41.0656419420001,157,Town of Shelter Island,https://climatesmart.ny.gov/,Shelter Island,473200,Suffolk,Town,Registered,2/5/2021
-77.31790095,42.336278228,158,Village of Bath,https://climatesmart.ny.gov/,Bath,462401,Steuben,Village,Registered,6/15/2015
-75.329675987,43.4812698810001,159,Village of Boonville,https://climatesmart.ny.gov/,Boonville,302601,Oneida,Village,Registered,3/10/2014
-74.472193993,44.1610540180001,160,Town of Tupper Lake,https://climatesmart.ny.gov/,Tupper Lake,162000,Franklin,Town,Registered,9/25/2019
-74.982139482,41.5832225680001,161,Town of Tusten,https://climatesmart.ny.gov/,Tusten,484800,Sullivan,Town,Bronze Certified,2/13/2012
-74.158685255,41.240360824,162,Town of Tuxedo,https://climatesmart.ny.gov/,Tuxedo,335000,Orange,Town,Registered,0
-76.4347975909999,42.89132726,163,Town of Skaneateles,https://climatesmart.ny.gov/,Skaneateles,315000,Onondaga,Town,Registered,7/16/2009
-73.2231240519999,40.859543242,164,Town of Smithtown,https://climatesmart.ny.gov/,Smithtown,473400,Suffolk,Town,Registered,4/14/2009
-73.011573206,40.760731551,165,Village of Patchogue,https://climatesmart.ny.gov/,Patchogue,472207,Suffolk,Village,Registered,6/14/2021
-73.060461027,40.942211856,166,Village of Port Jefferson,https://climatesmart.ny.gov/,Port Jefferson,472213,Suffolk,Village,Registered,4/20/2009
-73.381299068,43.027984815,167,Village of Cambridge,https://climatesmart.ny.gov/,Cambridge,532201,Washington,Village,Registered,06/03/2022
-76.6150736239999,42.511287844,168,Town of Ulysses,https://climatesmart.ny.gov/,Ulysses,503600,Tompkins,Town,Bronze Certified,9/13/2016
-73.754695923,41.022115065,169,City of White Plains,https://climatesmart.ny.gov/,White Plains,551700,Westchester,City,Registered,9/2/2014
-77.049823326,43.196669313,170,Town of Sodus,https://climatesmart.ny.gov/,Sodus,544200,Wayne,Town,Registered,1/15/2015
-73.7252107269999,41.3057638780001,171,Town of Somers,https://climatesmart.ny.gov/,Somers,555200,Westchester,Town,Registered,2/4/2010
-78.506978386,43.3375721090001,172,Town of Somerset,https://climatesmart.ny.gov/,Somerset,293800,Niagara,Town,Registered,2/9/2010
-72.626340732,40.8660533190001,173,Town of Southampton,https://climatesmart.ny.gov/,Southampton,473600,Suffolk,Town,Bronze Certified,10/23/2012
-72.4488013929999,41.047772309,174,Town of Southold,https://climatesmart.ny.gov/,Southold,473800,Suffolk,Town,Registered,9/24/2019
-76.787976021,42.3346694740001,175,Village of Odessa,https://climatesmart.ny.gov/,Odessa,442001,Schuyler,Village,Registered,11/7/2019
-73.865631389,42.214820402,176,Village of Catskill,https://climatesmart.ny.gov/,Catskill,192601,Greene,Village,Registered,10/8/2014
-75.851272781,42.927937725,177,Village of Cazenovia,https://climatesmart.ny.gov/,Cazenovia,252201,Madison,Village,Bronze Certified,4/13/2009
-75.22639251,43.096193692,178,City of Utica,https://climatesmart.ny.gov/,Utica,301600,Oneida,City,Registered,7/8/2016
-77.192204322,43.2417020190001,179,Town of Williamson,https://climatesmart.ny.gov/,Williamson,544600,Wayne,Town,Registered,6/9/2015
-75.621881281,43.9731040230001,180,Village of West Carthage,https://climatesmart.ny.gov/,West Carthage,223001,Jefferson,Village,Registered,3/9/2009
-78.741883695,42.962263341,181,Village of Williamsville,https://climatesmart.ny.gov/,Williamsville,143005,Erie,Village,Bronze Certified,5/28/2019
-74.750647532,42.7978334090001,182,Village of Cherry Valley,https://climatesmart.ny.gov/,Cherry Valley,362401,Otsego,Village,Registered,10/21/2019
-77.940314788,43.2136158180001,183,Village of Brockport,https://climatesmart.ny.gov/,Brockport,262401,Monroe,Village,Registered,9/28/2015
-73.9247672669999,41.093946859,184,Village of Nyack,https://climatesmart.ny.gov/,Nyack,392005,Rockland,Village,Bronze Certified,8/22/2013
-73.918970568,41.1121678160001,185,Village of Upper Nyack,https://climatesmart.ny.gov/,Upper Nyack,392001,Rockland,Village,Registered,8/2/2021
-74.164634249,42.055692289,186,Town of Woodstock,https://climatesmart.ny.gov/,Woodstock,515800,Ulster,Town,Bronze Certified,6/21/2016
-73.691822315,41.888557495,187,Town of Stanford,https://climatesmart.ny.gov/,Stanford,135200,Dutchess,Town,Registered,12/9/2021
-76.8290453499999,42.576045745,188,Town of Lodi,https://climatesmart.ny.gov/,Lodi,452600,Seneca,Town,Bronze Certified,6/10/2021
-73.664967893,40.588073147,189,City of Long Beach,https://climatesmart.ny.gov/,Long Beach,280900,Nassau,City,Bronze Certified,8/20/2013
-74.811446975,41.4933978650001,190,Town of Lumberland,https://climatesmart.ny.gov/,Lumberland,483800,Sullivan,Town,Registered,9/12/2012
-78.36280679,42.30516406,191,Town of Lyndon,https://climatesmart.ny.gov/,Lyndon,045600,Cattaraugus,Town,Registered,2/9/2010
-73.8911236449999,41.589763609,192,Town of Wappinger,https://climatesmart.ny.gov/,Wappinger,135600,Dutchess,Town,Registered,7/27/2015
-73.627741478,41.7966233500001,193,Town of Washington,https://climatesmart.ny.gov/,Washington,135800,Dutchess,Town,Registered,3/10/2022
-73.8637949439999,40.9465260320001,194,City of Yonkers,https://climatesmart.ny.gov/,Yonkers,551800,Westchester,City,Bronze Certified,4/14/2009
-73.809103033,41.2725760380001,195,Town of Yorktown,https://climatesmart.ny.gov/,Yorktown,555400,Westchester,Town,Bronze Certified,12/9/2009
-77.460492522,42.6235816010001,196,Town of Naples,https://climatesmart.ny.gov/,Naples,323800,Ontario,Town,Registered,1/16/2019
-73.7525452419999,42.4040483040001,197,Town of Stuyvesant,https://climatesmart.ny.gov/,Stuyvesant,105200,Columbia,Town,Registered,12/9/2021
-76.143534815,43.0406800150001,198,City of Syracuse,https://climatesmart.ny.gov/,Syracuse,311500,Onondaga,City,Registered,4/27/2009
-73.7444904549999,40.949856697,199,Town of Mamaroneck,https://climatesmart.ny.gov/,Mamaroneck,553200,Westchester,Town,Bronze Certified,6/3/2009
-75.943647943,43.0379841590001,200,Town of Manlius,https://climatesmart.ny.gov/,Manlius,313800,Onondaga,Town,Bronze Certified,4/22/2020
-73.7873538219999,41.18387232,201,Town of New Castle,https://climatesmart.ny.gov/,New Castle,553600,Westchester,Town,Silver Certified,2/12/2008
-75.247777238,43.044420045,202,Town of New Hartford,https://climatesmart.ny.gov/,New Hartford,304800,Oneida,Town,Registered,6/20/2018
-73.4384888709999,42.4690508030001,203,Town of New Lebanon,https://climatesmart.ny.gov/,New Lebanon,104800,Columbia,Town,Bronze Certified,2/11/2020
-75.14021554,42.6231433130001,204,Town of New Lisbon,https://climatesmart.ny.gov/,New Lisbon,364400,Otsego,Town,Bronze Certified,2/13/2019
-74.128934739,41.7558664590001,205,Town of New Paltz,https://climatesmart.ny.gov/,New Paltz,513800,Ulster,Town,Bronze Certified,6/17/2010
-73.7845666109999,40.933095759,206,City of New Rochelle,https://climatesmart.ny.gov/,New Rochelle,551000,Westchester,City,Bronze Certified,4/13/2009
-73.882246998,41.1519902640001,207,Town of Ossining,https://climatesmart.ny.gov/,Ossining,554200,Westchester,Town,Registered,6/10/2009
-74.1611193219999,41.8696082120001,208,Town of Marbletown,https://climatesmart.ny.gov/,Marbletown,513400,Ulster,Town,Bronze Certified,6/16/2015
-73.940517802,42.6048986070001,209,Town of New Scotland,https://climatesmart.ny.gov/,New Scotland,013400,Albany,Town,Registered,6/13/2018
-74.022718176,41.5040939570001,210,City of Newburgh,https://climatesmart.ny.gov/,Newburgh,331100,Orange,City,Registered,4/23/2018
-76.490522497,43.4583305460001,211,City of Oswego,https://climatesmart.ny.gov/,Oswego,351200,Oswego,City,Registered,2/8/2010
-74.979688675,42.7441156780001,212,Town of Otsego,https://climatesmart.ny.gov/,Otsego,365000,Otsego,Town,Registered,3/6/2019
-73.9255123419999,41.644704355,213,Town of Poughkeepsie,https://climatesmart.ny.gov/,Poughkeepsie,134600,Dutchess,Town,Bronze Certified,5/20/2019
-73.921091958,41.694901454,214,City of Poughkeepsie,https://climatesmart.ny.gov/,Poughkeepsie,131300,Dutchess,City,Bronze Certified,5/7/2018
-73.566582231,41.2170935500001,215,Town of Pound Ridge,https://climatesmart.ny.gov/,Pound Ridge,554600,Westchester,Town,Bronze Certified,12/8/2016
-76.1320160779999,42.7431087350001,216,Town of Preble,https://climatesmart.ny.gov/,Preble,113600,Cortland,Town,Registered,1/10/2011
-74.869928393,42.7029052240001,217,Town of Middlefield,https://climatesmart.ny.gov/,Middlefield,363800,Otsego,Town,Registered,4/13/2021
-76.494001232,42.888258346,218,Town of Owasco,https://climatesmart.ny.gov/,Owasco,054600,Cayuga,Town,Bronze Certified,12/12/2014
-73.4976732059999,40.788933141,219,Town of Oyster Bay,https://climatesmart.ny.gov/,Oyster Bay,282400,Nassau,Town,Registered,10/22/2019
-73.836312763,41.3983511650001,220,Town of Putnam Valley,https://climatesmart.ny.gov/,Putnam Valley,372800,Putnam,Town,Registered,3/18/2020
-73.6747839729999,43.3624405850001,221,Town of Queensbury,https://climatesmart.ny.gov/,Queensbury,523400,Warren,Town,Bronze Certified,2/25/2019
-73.8785127259999,42.0187180940001,222,Town of Red Hook,https://climatesmart.ny.gov/,Red Hook,134800,Dutchess,Town,Bronze Certified,2/11/2019
-76.405859667,42.812713962,223,Town of Niles,https://climatesmart.ny.gov/,Niles,054400,Cayuga,Town,Registered,8/14/2014
-73.8729340089999,42.803131926,224,Town of Niskayuna,https://climatesmart.ny.gov/,Niskayuna,422400,Schenectady,Town,Registered,7/26/2011
-73.693637968,41.142241239,225,Town of North Castle,https://climatesmart.ny.gov/,North Castle,553800,Westchester,Town,Registered,3/11/2009
-73.558581885,41.9187096570001,226,Town of North East,https://climatesmart.ny.gov/,North East,133800,Dutchess,Town,Bronze Certified,2/8/2018
-73.561730994,41.571362353,227,Town of Pawling,https://climatesmart.ny.gov/,Pawling,134000,Dutchess,Town,Registered,7/14/2021
-73.9223564439999,41.288531779,228,City of Peekskill,https://climatesmart.ny.gov/,Peekskill,551200,Westchester,City,Bronze Certified,7/13/2009
-73.857599405,41.929384219,229,Town of Rhinebeck,https://climatesmart.ny.gov/,Rhinebeck,135000,Dutchess,Town,Bronze Certified,9/14/2010
-75.0515252129999,42.854879532,230,Town of Richfield,https://climatesmart.ny.gov/,Richfield,365600,Otsego,Town,Registered,3/16/2015
-76.1861018239999,43.5490668850001,231,Town of Richland,https://climatesmart.ny.gov/,Richland,355000,Oswego,Town,Bronze Certified,2/10/2015
-77.524540563,42.7912036640001,232,Town of Richmond,https://climatesmart.ny.gov/,Richmond,324200,Ontario,Town,Registered,1/9/2019
-76.482304341,43.39874718,233,Town of Minetto,https://climatesmart.ny.gov/,Minetto,353600,Oswego,Town,Registered,5/12/2014
-73.663235274,42.670653825,234,Town of North Greenbush,https://climatesmart.ny.gov/,North Greenbush,383200,Rensselaer,Town,Registered,11/14/2019
-73.684376571,40.7506575140001,235,Town of North Hempstead,https://climatesmart.ny.gov/,North Hempstead,282200,Nassau,Town,Bronze Certified,4/28/2009
-73.603613556,41.333048412,236,Town of North Salem,https://climatesmart.ny.gov/,North Salem,554000,Westchester,Town,Bronze Certified,10/27/2009
-78.8636525269999,43.0462848650001,237,City of North Tonawanda,https://climatesmart.ny.gov/,North Tonawanda,291200,Niagara,City,Bronze Certified,4/6/2021
-75.522844361,42.533597957,238,City of Norwich,https://climatesmart.ny.gov/,Norwich,081100,Chenango,City,Registered,6/21/2022
-72.717791091,40.9415888410001,239,Town of Riverhead,https://climatesmart.ny.gov/,Riverhead,473000,Suffolk,Town,Registered,7/16/2019
-74.280236614,41.8132432450001,240,Town of Rochester,https://climatesmart.ny.gov/,Rochester,514400,Ulster,Town,Registered,12/4/2020
-77.6161976559999,43.167124207,241,City of Rochester,https://climatesmart.ny.gov/,Rochester,261400,Monroe,City,Bronze Certified,8/11/2009
-74.797144299,41.9387633700001,242,Town of Rockland,https://climatesmart.ny.gov/,Rockland,484400,Sullivan,Town,Registered,2/15/2018
-75.490811464,43.2260358250001,243,City of Rome,https://climatesmart.ny.gov/,Rome,301300,Oneida,City,Registered,7/22/2015
-74.7275340269999,42.7226499400001,244,Town of Roseboom,https://climatesmart.ny.gov/,Roseboom,365800,Otsego,Town,Bronze Certified,10/11/2018
-76.694933168,43.012220176,245,Town of Montezuma,https://climatesmart.ny.gov/,Montezuma,054000,Cayuga,Town,Registered,12/16/2014
-74.207182828,41.5409446940001,246,Town of Montgomery,https://climatesmart.ny.gov/,Montgomery,334200,Orange,Town,Registered,10/3/2019
-76.418784909,42.7378525890001,247,Town of Moravia,https://climatesmart.ny.gov/,Moravia,054200,Cayuga,Town,Registered,6/20/2018
-74.262425344,41.946818233,248,Town of Olive,https://climatesmart.ny.gov/,Olive,514000,Ulster,Town,Bronze Certified,7/12/2016
-75.662076036,43.0768884920001,249,City of Oneida,https://climatesmart.ny.gov/,Oneida,251200,Madison,City,Registered,8/14/2019
-73.914932589,41.418864973,250,Town of Philipstown,https://climatesmart.ny.gov/,Philipstown,372600,Putnam,Town,Bronze Certified,6/7/2017
-73.651683256,41.969367478,251,Town of Pine Plains,https://climatesmart.ny.gov/,Pine Plains,134200,Dutchess,Town,Registered,3/15/2018
-74.078324744,41.846582444,252,Town of Rosendale,https://climatesmart.ny.gov/,Rosendale,514600,Ulster,Town,Bronze Certified,5/13/2009
-78.543210824,43.1508112970001,253,Town of Royalton,https://climatesmart.ny.gov/,Royalton,293600,Niagara,Town,Registered,2/8/2010
-78.250224924,42.392473028,254,Town of Rushford,https://climatesmart.ny.gov/,Rushford,026400,Allegany,Town,Registered,7/1/2016
-76.487599562,42.468029862,255,Village of Cayuga Heights,https://climatesmart.ny.gov/,Cayuga Heights,503001,Tompkins,Village,Registered,6/17/2019
-73.676864385,42.4132487310001,256,Village of Valatie,https://climatesmart.ny.gov/,Valatie,104403,Columbia,Village,Registered,2/8/2022
-75.378396101,43.0488810750001,257,Village of Clinton,https://climatesmart.ny.gov/,Clinton,304001,Oneida,Village,Registered,7/11/2017
-73.714451067,43.425899223,258,Village of Lake George,https://climatesmart.ny.gov/,Lake George,522201,Warren,Village,Bronze Certified,11/10/2015
-78.67030382,42.900638821,259,Village of Lancaster,https://climatesmart.ny.gov/,Lancaster,145203,Erie,Village,Bronze Certified,6/27/2016
-76.4847167789999,42.4868354760001,260,Village of Lansing,https://climatesmart.ny.gov/,Lansing,503201,Tompkins,Village,Registered,11/4/2019
-75.0891218629999,42.5308616030001,261,Village of Laurens,https://climatesmart.ny.gov/,Laurens,363401,Otsego,Village,Registered,5/7/2019
-74.0768590339999,41.1578651720001,262,Village of Wesley Hills,https://climatesmart.ny.gov/,Wesley Hills,392611,Rockland,Village,Registered,8/7/2018
-73.87693222,41.995912913,263,Village of Red Hook,https://climatesmart.ny.gov/,Red Hook,134801,Dutchess,Village,Registered,6/9/2009
-73.9119123789999,42.0587090490001,264,Village of Tivoli,https://climatesmart.ny.gov/,Tivoli,134803,Dutchess,Village,Registered,7/17/2013
-73.908067552,41.92941782,265,Village of Rhinebeck,https://climatesmart.ny.gov/,Rhinebeck,135001,Dutchess,Village,Bronze Certified,2/6/2010
-74.9861734149999,42.853738848,266,Village of Richfield Springs,https://climatesmart.ny.gov/,Richfield Springs,365601,Otsego,Village,Registered,6/11/2019
-76.126763734,43.5653535490001,267,Village of Pulaski,https://climatesmart.ny.gov/,Pulaski,355001,Oswego,Village,Bronze Certified,7/13/2015
-77.886746843,43.1012876390001,268,Village of Churchville,https://climatesmart.ny.gov/,Churchville,264801,Monroe,Village,Registered,5/23/2022
-75.967927791,42.3303816430001,269,Village of Whitney Point,https://climatesmart.ny.gov/,Whitney Point,034401,Broome,Village,Registered,6/14/2017
-74.468459219,44.234408192,270,Village of Tupper Lake,https://climatesmart.ny.gov/,Tupper Lake,162001,Franklin,Village,Registered,6/13/2019
-74.2054739399999,41.200688445,271,Village of Tuxedo Park,https://climatesmart.ny.gov/,Tuxedo Park,335001,Orange,Village,Registered,6/17/2020
-76.661585665,42.54091594,272,Village of Trumansburg,https://climatesmart.ny.gov/,Trumansburg,503601,Tompkins,Village,Registered,6/24/2022
-76.332623137,43.1576118290001,273,Village of Baldwinsville,https://climatesmart.ny.gov/,Baldwinsville,315601,Onondaga,Village,Registered,7/3/2014
-77.409856873,42.9820981730001,274,Village of Victor,https://climatesmart.ny.gov/,Victor,324801,Ontario,Village,Registered,2/1/2010
-73.918118135,41.5984532320001,275,Village of Wappingers Falls,https://climatesmart.ny.gov/,Wappingers Falls,135601,Dutchess,Village,Registered,8/12/2015
-73.693699139,41.7841980220001,276,Village of Millbrook,https://climatesmart.ny.gov/,Millbrook,135801,Dutchess,Village,Registered,6/8/2022
-77.7541829749999,43.0228140140001,277,Village of Scottsville,https://climatesmart.ny.gov/,Scottsville,265601,Monroe,Village,Registered,10/10/2017
-75.191427393,42.8837703080001,278,Village of West Winfield,https://climatesmart.ny.gov/,West Winfield,215601,Herkimer,Village,Registered,3/9/2020
-74.099850585,41.3287200460001,279,Village of Woodbury,https://climatesmart.ny.gov/,Woodbury,335809,Orange,Village,Registered,5/14/2020
-76.847233893,42.3499075890001,280,Village of Montour Falls,https://climatesmart.ny.gov/,Montour Falls,442403,Schuyler,Village,Bronze Certified,6/21/2018
-72.290277749,40.994982384,281,Village of Sag Harbor,https://climatesmart.ny.gov/,Sag Harbor,472403,Suffolk,Village,Registered,8/11/2020
-73.8264406449999,40.939463398,282,Village of Bronxville,https://climatesmart.ny.gov/,Bronxville,552401,Westchester,Village,Bronze Certified,2/8/2021
-75.55028565,42.829208029,283,Village of Hamilton,https://climatesmart.ny.gov/,Hamilton,252603,Madison,Village,Bronze Certified,9/8/2016
-76.4729148499999,43.0670757170001,284,Village of Jordan,https://climatesmart.ny.gov/,Jordan,312803,Onondaga,Village,Registered,9/21/2015
-76.6994772629999,42.7512015710001,285,Village of Aurora,https://climatesmart.ny.gov/,Aurora,053401,Cayuga,Village,Registered,2/16/2022
-77.612297621,42.906936628,286,Village of Lima,https://climatesmart.ny.gov/,Lima,243201,Livingston,Village,Registered,2/23/2021
-78.798772473,42.249436958,287,Village of Little Valley,https://climatesmart.ny.gov/,Little Valley,045401,Cattaraugus,Village,Registered,4/13/2021
-73.753167656,40.9257482450001,288,Village of Larchmont,https://climatesmart.ny.gov/,Larchmont,553201,Westchester,Village,Registered,4/27/2009
-77.134804991,42.9608266400001,289,Village of Clifton Springs,https://climatesmart.ny.gov/,Clifton Springs,323605,Ontario,Village,Registered,7/10/2017
-73.9147783989999,41.0421989430001,290,Village of Piermont,https://climatesmart.ny.gov/,Piermont,392405,Rockland,Village,Bronze Certified,2/15/2011
-73.924096676,41.0830570100001,291,Village of South Nyack,https://climatesmart.ny.gov/,South Nyack,392407,Rockland,Village,Registered,5/14/2019
-73.692457866,42.747584267,292,Village of Green Island,https://climatesmart.ny.gov/,Green Island,012801,Albany,Village,Registered,2/18/2014
-73.839353074,41.0136335780001,293,Village of Ardsley,https://climatesmart.ny.gov/,Ardsley,552601,Westchester,Village,Bronze Certified,2/2/2010
-73.864715991,41.0123814930001,294,Village of Dobbs Ferry,https://climatesmart.ny.gov/,Dobbs Ferry,552603,Westchester,Village,Bronze Certified,7/14/2009
-73.814210772,41.0540084470001,295,Village of Elmsford,https://climatesmart.ny.gov/,Elmsford,552601,Westchester,Village,Registered,2/28/2022
-73.8749601389999,40.9906677430001,296,Village of Hastings-on-Hudson,https://climatesmart.ny.gov/,Hastings-on-Hudson,552607,Westchester,Village,Silver Certified,6/1/2010
-73.8593763499999,41.0346753000001,297,Village of Irvington,https://climatesmart.ny.gov/,Irvington,552609,Westchester,Village,Bronze Certified,6/4/2012
-73.856610844,41.0668257230001,298,Village of Tarrytown,https://climatesmart.ny.gov/,Tarrytown,552611,Westchester,Village,Bronze Certified,6/15/2009
-76.0082945889999,43.07424697,299,Village of Minoa,https://climatesmart.ny.gov/,Minoa,313805,Onondaga,Village,Registered,3/17/2014
-73.8580948759999,41.1645852390001,300,Village of Ossining,https://climatesmart.ny.gov/,Ossining,554203,Westchester,Village,Registered,4/21/2009
-74.929980969,42.6996288660001,301,Village of Cooperstown,https://climatesmart.ny.gov/,Cooperstown,365001,Otsego,Village,Registered,2/24/2014
-76.26303761,42.1043778260001,302,Village of Owego,https://climatesmart.ny.gov/,Owego,493001,Tioga,Village,Registered,6/21/2022
-73.668107205,41.0054097440001,303,Village of Port Chester,https://climatesmart.ny.gov/,Port Chester,554801,Westchester,Village,Registered,5/6/2009
-73.67633369,41.028551818,304,Village of Rye Brook,https://climatesmart.ny.gov/,Rye Brook,554805,Westchester,Village,Registered,3/22/2016
-73.5808101819999,43.1014112600001,305,Village of Schuylerville,https://climatesmart.ny.gov/,Schuylerville,415001,Saratoga,Village,Registered,1/9/2019
-74.215885828,41.486741593,306,Village of Maybrook,https://climatesmart.ny.gov/,Maybrook,333401,Orange,Village,Registered,2/23/2015
-74.137116684,44.3249226900001,307,Village of Saranac Lake,https://climatesmart.ny.gov/,Saranac Lake,164601,Franklin,Village,Bronze Certified,5/14/2018
-73.967367392,41.1926131160001,308,Village of Haverstraw,https://climatesmart.ny.gov/,Haverstraw,392201,Rockland,Village,Registered,6/22/2016
-73.794012252,40.9941319760001,309,Village of Scarsdale,https://climatesmart.ny.gov/,Scarsdale,555000,Westchester,Village,Registered,2/3/2020
-74.6136514739999,42.7934417050001,310,Village of Sharon Springs,https://climatesmart.ny.gov/,Sharon Springs,434601,Schoharie,Village,Registered,6/22/2022
-75.496564388,42.680680287,311,Village of Sherburne,https://climatesmart.ny.gov/,Sherburne,085603,Chenango,Village,Bronze Certified,5/15/2020
-79.59472569,42.1591112620001,312,Village of Sherman,https://climatesmart.ny.gov/,Sherman,066601,Chautauqua,Village,Registered,5/2/2018
-76.4280828019999,42.9457108290001,313,Village of Skaneateles,https://climatesmart.ny.gov/,Skaneateles,315001,Onondaga,Village,Registered,4/27/2009
-73.667230317,40.6433672520001,314,Village of East Rockaway,https://climatesmart.ny.gov/,East Rockaway,282005,Nassau,Village,Registered,2/8/2010
-73.619284576,40.7042238650001,315,Village of Hempstead,https://climatesmart.ny.gov/,Hempstead,282013,Nassau,Village,Registered,7/3/2018
-74.187955062,41.560373473,316,Village of Walden,https://climatesmart.ny.gov/,Walden,334205,Orange,Village,Registered,7/16/2019
-76.4219505839999,42.712089915,317,Village of Moravia,https://climatesmart.ny.gov/,Moravia,054201,Cayuga,Village,Registered,5/22/2017
-73.728073561,41.2018673960001,318,Village of Mount Kisco,https://climatesmart.ny.gov/,Mount Kisco,555601,Westchester,Village,Bronze Certified,2/8/2010
-73.782826582,41.137843004,319,Village of Pleasantville,https://climatesmart.ny.gov/,Pleasantville,553403,Westchester,Village,Bronze Certified,5/21/2018
-73.858970872,41.094635028,320,Village of Sleepy Hollow,https://climatesmart.ny.gov/,Sleepy Hollow,553401,Westchester,Village,Bronze Certified,9/23/2014
-77.402123171,42.61748657,321,Village of Naples,https://climatesmart.ny.gov/,Naples,323801,Ontario,Village,Registered,12/13/2018
-73.508674443,42.531798973,322,Village of East Nassau,https://climatesmart.ny.gov/,East Nassau,383003,Rensselaer,Village,Registered,2/14/2018
-73.643948618,40.8440704970001,323,Village of Sea Cliff,https://climatesmart.ny.gov/,Sea Cliff,282423,Nassau,Village,Registered,10/7/2019
-73.8073813789999,40.911784003,324,Village of Pelham,https://climatesmart.ny.gov/,Pelham,554403,Westchester,Village,Bronze Certified,2/12/2019
-77.0625171469999,43.2358933250001,325,Village of Sodus,https://climatesmart.ny.gov/,Sodus,544201,Wayne,Village,Registered,9/9/2014
-73.707371412,40.621275058,326,Village of Woodsburgh,https://climatesmart.ny.gov/,Woodsburgh,282037,Nassau,Village,Registered,4/27/2009
-74.079411104,41.744552625,327,Village of New Paltz,https://climatesmart.ny.gov/,New Paltz,513801,Ulster,Village,Bronze Certified,7/14/2009
-77.69565032,42.560808342,328,Village of Dansville,https://climatesmart.ny.gov/,Dansville,243801,Livingston,Village,Registered,7/20/2021
-73.9465944689999,41.4291933440001,329,Village of Nelsonville,https://climatesmart.ny.gov/,Nelsonville,372603,Putnam,Village,Registered,11/19/2018
-72.3636913129999,41.1027460540001,330,Village of Greenport,https://climatesmart.ny.gov/,Greenport,473801,Suffolk,Village,Registered,10/25/2010
-73.5114792689999,41.9534365800001,331,Village of Millerton,https://climatesmart.ny.gov/,Millerton,133801,Dutchess,Village,Registered,5/7/2018
-73.9852486469999,44.2837045810001,332,Village of Lake Placid,https://climatesmart.ny.gov/,Lake Placid,154001,Essex,Village,Bronze Certified,5/21/2018
-73.673954443,40.8097353040001,333,Village of Flower Hill,https://climatesmart.ny.gov/,Flower Hill,282207,Nassau,Village,Registered,12/6/2020
-73.739114733,40.7859175500001,334,Village of Great Neck Estates,https://climatesmart.ny.gov/,Great Neck Estates,282211,Nassau,Village,Registered,7/12/2021
-73.7250031469999,40.78850643,335,Village of Great Neck Plaza,https://climatesmart.ny.gov/,Great Neck Plaza,282213,Nassau,Village,Registered,10/3/2012
-74.113464735,41.131668173,336,Village of Montebello,https://climatesmart.ny.gov/,Montebello,392617,Rockland,Village,Registered,2/17/2010
-74.048518251,41.148851329,337,Village of New Hempstead,https://climatesmart.ny.gov/,New Hempstead,392613,Rockland,Village,Registered,7/23/2019
-76.977297014,42.5235362130001,338,Village of Dundee,https://climatesmart.ny.gov/,Dundee,573401,Yates,Village,Registered,5/11/2021
-76.578607136,42.2123407870001,339,Town of Van Etten,https://climatesmart.ny.gov/,Van Etten,073800,Chemung,Town,Registered,2/3/2014
-74.099850585,41.3287200460001,340,Town of Woodbury,https://climatesmart.ny.gov/,Woodbury,335809,Orange,Town,Registered,2/4/2010
-75.040303348,44.6761184530001,341,Town of Potsdam,https://climatesmart.ny.gov/,Potsdam,407400,St Lawrence,Town,Bronze Certified,10/16/2017
-74.983327732,44.6697279470001,342,Village of Potsdam,https://climatesmart.ny.gov/,Potsdam,407403,St Lawrence,Village,Bronze Certified,7/11/2017
-75.4697700469999,44.7013625650001,343,City of Ogdensburg,https://climatesmart.ny.gov/,Ogdensburg,401200,St Lawrence,City,Registered,2/8/2010
-74.997011634,44.748116495,344,Village of Norwood,https://climatesmart.ny.gov/,Norwood,406201,St Lawrence,Village,Registered,1/19/2010
-73.742763117,40.947180583,345,Village of Mamaroneck,https://climatesmart.ny.gov/,Mamaroneck,553203,Westchester,Village,Registered,4/16/2009
-73.719265244,41.0233926610001,346,Village of Harrison,https://climatesmart.ny.gov/,Harrison,552801,Westchester,Village,Registered,3/22/2018
-76.982695591,42.8644943200001,347,City of Geneva,https://climatesmart.ny.gov/,Geneva,320500,"Ontario, Seneca",City,Bronze Certified,3/5/2014
-75.167055138,44.600864164,348,Village of Canton,https://climatesmart.ny.gov/,Canton,402201,St Lawrence,Village,Registered,11/21/2016
-78.8356109869999,42.7183688330001,349,Village of Hamburg,https://climatesmart.ny.gov/,Hamburg,144803,Erie,Village,Bronze Certified,8/18/2022
-78.636470489,42.7260649080001,350,Town of Aurora,https://climatesmart.ny.gov/,Aurora,142400,Erie,Town,Bronze Certified,10/19/2022
-77.516611255,43.090089805,351,Village of Pittsford,https://climatesmart.ny.gov/,Pittsford,264601,Monroe,Village,Registered,11/10/2022
-73.841550102,41.1408634370001,352,Village of Briarcliff Manor,https://climatesmart.ny.gov/,Briarcliff Manor,554201,Westchester,Village,Registered,10/25/2022
-77.7128939,43.1513776370001,353,Town of Gates,https://climatesmart.ny.gov/,Gates,262600,Monroe,Town,Registered,1/5/2023
-78.002179653,42.7220246100001,354,Village of Perry,https://climatesmart.ny.gov/,Perry,564201,Wyoming,Village,Registered,1/6/2023
-77.3086907589999,42.989526202,355,Town of Farmington,https://climatesmart.ny.gov/,Farmington,322800,Ontario,Town,Registered,1/8/2023
-73.990592745,41.634081995,356,Town of Marlborough,https://climatesmart.ny.gov/,Marlborough,513600,Ulster,Town,Registered,1/12/2023
-73.7104135069999,42.0511535960001,357,Town of Gallatin,https://climatesmart.ny.gov/,Gallatin,103400,Columbia,Town,Registered,10/18/2022
-73.788417895,42.7439702240001,358,Town of Colonie,https://climatesmart.ny.gov/,Colonie,012600,Albany,Town,Bronze Certified,2/8/2018
-73.580864854,42.425507124,359,Town of Chatham,https://climatesmart.ny.gov/,Chatham,102600,Columbia,Town,Bronze Certified,7/16/2015
-73.4591330169999,42.395164971,360,Town of Canaan,https://climatesmart.ny.gov/,Canaan,102400,Columbia,Town,Bronze Certified,11/9/2020
-76.008464363,43.029160781,361,Village of Fayetteville,https://climatesmart.ny.gov/,Fayetteville,313801,Onondaga,Village,Bronze Certified,9/29/2009
-73.6515084649999,42.3113925640001,362,Town of Ghent,https://climatesmart.ny.gov/,Ghent,103800,Columbia,Town,Bronze Certified, 5/19/2016
-73.5323052369999,42.2244339000001,363,Town of Hillsdale,https://climatesmart.ny.gov/,Hillsdale,104200,Columbia,Town,Bronze Certified,5/10/2016
-74.115745111,41.9626595830001,364,Town of Hurley,https://climatesmart.ny.gov/,Hurley,512800,Ulster,Town,Bronze Certified,4/23/2018
-73.7040805789999,42.3945382100001,365,Village of Kinderhook,https://climatesmart.ny.gov/,Kinderhook,104401,Columbia,Village,Bronze Certified,5/11/2016
-76.6132321269999,42.337675339,366,Town of Newfield,https://climatesmart.ny.gov/,Newfield,503400,Tompkins,Town,Bronze Certified,6/11/2020
-73.673061087,42.1334252620001,367,Town of Taghkanic,https://climatesmart.ny.gov/,Taghkanic,105400,Columbia,Town,Bronze Certified,11/9/2020
-76.1101984429999,42.798191649,368,Village of Tully,https://climatesmart.ny.gov/,Tully,315401,Onondaga,Village,Bronze Certified,10/2/2019
-73.685268967,41.6905535540001,369,Town of Union Vale,https://climatesmart.ny.gov/,Union Vale,135400,Dutchess,Town,Bronze Certified,5/17/2018
-74.3647815269999,41.259437572,370,Village of Warwick,https://climatesmart.ny.gov/,Warwick,335405,Orange,Village,Bronze Certified,7/2/2019
-78.878707155,42.652708993,371,Town of Eden,https://climatesmart.ny.gov/,Eden,144000,Erie,Town,Registered,1/11/2023
-78.755511454,42.6529145060001,372,Town of Boston,https://climatesmart.ny.gov/,Boston,142600,Erie,Town,Registered,3/8/2023
-73.829103905,40.9136395730001,373,City of Mount Vernon,https://climatesmart.ny.gov/,Mount Vernon,550800,Westchester,City,Registered,3/9/2023
-77.641273156,43.0555964490001,374,Town of Henrietta,https://climatesmart.ny.gov/,Henrietta,263200,Monroe,Town,Bronze Certified,11/10/2021
-77.0625171469999,43.2358933250001,375,Village of Sodus,https://climatesmart.ny.gov/,Sodus,544201,Wayne,Village,Bronze Certified,9/9/2014
-73.754695923,41.022115065,376,City of White Plains,https://climatesmart.ny.gov/,White Plains,551700,Westchester,City,Bronze Certified,9/2/2014
-78.337588868,42.036613587,377,Village of Portville,https://climatesmart.ny.gov/,Portville,047401,Cattaraugus,Village,Registered,4/16/2023
-78.491414193,42.09164308,378,Village of Allegany,https://climatesmart.ny.gov/,Allegany,042001,Cattaraugus,Village,Registered,05/01/2023
-79.3319628839999,42.4406221200001,379,Village of Fredonia,https://climatesmart.ny.gov/,Fredonia,065801,Chautauqua,Village,Registered,04/11/2023
-77.092479419,42.1634645660001,380,Village of Painted Post,https://climatesmart.ny.gov/,Painted Post,464201,Steuben,Village,Registered,06/13/2023
-73.996080131,41.728799845,381,Town of Lloyd,https://climatesmart.ny.gov/,Lloyd,513200,Ulster,Town,Registered,06/29/2023
-77.5544107979999,42.7159929160001,382,Town of Canadice,https://climatesmart.ny.gov/,Canadice,322200,Ontario,Town,Registered,7/11/2023
-73.628440885,40.870867377,383,City of Glen Cove,https://climatesmart.ny.gov/,Glen Cove,280500,Nassau,City,Registered,7/25/2023
-73.806276767,40.8933671520001,384,Village of Pelham Manor,https://climatesmart.ny.gov/,Pelham Manor,554405,Westchester,Village,Registered,7/14/2023
-73.935211457,42.651501995,385,Village of Voorheesville,https://climatesmart.ny.gov/,Voorheesville,013401,Albany,Village,Registered,6/27/2023
-77.8978592679999,42.3043501970001,386,Town of West Almond,https://climatesmart.ny.gov/,West Almond,027200,Allegany,Town,Registered,7/2/2023
-77.4868680869999,43.1122893360001,387,Village of East Rochester,https://climatesmart.ny.gov/,East Rochester,265801,Monroe,Village,Registered,09/13/2023
-73.8802028709999,42.9536159130001,388,Town of Ballston,https://climatesmart.ny.gov/,Ballston,412000,Saratoga,Town,Registered,09/27/2023
-74.8015380419999,44.36784642,389,Town of Colton,https://climatesmart.ny.gov/,Colton,402800,St Lawrence,Town,Registered,09/29/2023
-78.749607537,42.7606360410001,390,Village of Orchard Park,https://climatesmart.ny.gov/,Orchard Park,146001,Erie,Village,Registered,09/27/2023
-74.388845472,41.2742776850001,391,Town of Warwick,https://climatesmart.ny.gov/,Warwick,335400,Orange,Town,Registered,11/17/2023
-76.0766589409999,44.2343495320001,392,Village of Clayton,https://climatesmart.ny.gov/,Clayton,223201,Jefferson,Village,Registered,12/05/2023
-79.0296408419999,42.637850466,393,Village of Angola,https://climatesmart.ny.gov/,Angola,144401,Erie,Village,Registered,10/24/2023
-78.878854238,42.7292366840001,394,Town of Hamburg,https://climatesmart.ny.gov/,Hamburg,144800,Erie,Town,Registered,07/26/2023
-73.9059167739999,41.8011203390001,395,Town of Hyde Park,https://climatesmart.ny.gov/,Hyde Park,133200,Dutchess,Town,Bronze Certified,03/23/2022
-75.962274216,42.1228957640001,396,Village of Johnson City,https://climatesmart.ny.gov/,Johnson City,034603,Broome,Village,Registered,05/03/2023
-73.901380333,43.041719535,397,Town of Milton,https://climatesmart.ny.gov/,Milton,414200,Saratoga,Town,Registered,11/08/2023
-74.280236614,41.8132432450001,398,Town of Rochester,https://climatesmart.ny.gov/,Rochester,514400,Ulster,Town,Registered,12/11/2020
-73.67878695,41.0199667690001,399,Town of Rye,https://climatesmart.ny.gov/,Rye,554800,Westchester,Town,Registered,05/15/2017
